seq,from_cluster,to_cluster,distance_ly
1,START,5f6c8027795612b7f69872aa4833f79cd0d254a6,35805.916048
3,0b43f380f8a0572cfbcf35dae5a567d0295029ab,9fa6f29879a347f72a36b1d99286711879e78209,16903.319526
4,9fa6f29879a347f72a36b1d99286711879e78209,9daaf582a62e2fa35809dad071eb6dc527bd6239,31636.563117
5,9daaf582a62e2fa35809dad071eb6dc527bd6239,946c14ed52a7c375063e256a66e2c278672722a7,37838.241439
