seq,from_cluster,to_cluster,distance_ly
1,START,216a858c51f0cc1c9d3ea3538772a37e2a68ccb7,19417.657300
2,216a858c51f0cc1c9d3ea3538772a37e2a68ccb7,12fd302e5c54c1442a32a140547ada1cab58858f,15179.425983
4,1670ae55d1cffe3073c2935324167722f9b81ce2,e36d0f8076007fe1c425a2d6ad2ed6863048bc34,20104.994450
5,e36d0f8076007fe1c425a2d6ad2ed6863048bc34,3047302e18f9db99f3c1db21a16400d4a9f71546,19585.183138
