seq,from_cluster,to_cluster,distance_ly
1,START,c011f6de14b140b50debc264638115e1ab5dd98f,31750.047633
3,6a9c2868431848ae719eeac8fa0049670ec397b1,44adbe70738a38fb30adfdd3a509c55bfe81abdb,11279.897440
