k,n_points,skipped,size_min,size_median,size_max,size_p90,radius_median,radius_p90,radius_max,max_min_size_ratio
12,1000,0,15,87,184,128,13063.722215,17841.293531,24211.054625,12.266667
13,1000,0,14,70,174,120,14030.189152,18443.847050,20099.719657,12.428571
14,1000,0,7,74,149,123,9432.968165,15321.825280,24211.054625,21.285714
