seq,from_cluster,to_cluster,distance_ly
1,START,b626e8ad1540ac141203b570955f81c5b43a787d,15676.566170
3,be670c0c22cc3e18cf02d7d064acaf8c7f05c168,a742a7b56dcd06ceabe15ff6e98bd92ec2df33f7,8142.362507
