seq,from_cluster,to_cluster,distance_ly
1,START,571913c82aef2f3725d15f9c93538eb51985889e,26719.946563
3,62062fd2ae24314c6847f86404d116c12149518c,6d42675bc9983f87049fbb083c8b493ddd531084,30376.938490
4,6d42675bc9983f87049fbb083c8b493ddd531084,c5c02459c65fae5c0d82cca767746aa29ebbef6c,16597.818951
5,c5c02459c65fae5c0d82cca767746aa29ebbef6c,8cf0ba92d5e768cc564763974ea34e66f155aba5,22252.955083
6,8cf0ba92d5e768cc564763974ea34e66f155aba5,b82e903f83f9b8ef0015d4729f887a7371ff2799,12286.273268
